[
 {
  "Question": "What is the purpose of AJAX in web development?",
  "Option A": "Asynchronous JavaScript and XML",
  "Option B": "Advanced JavaScript and XML",
  "Option C": "Asynchronous jQuery and XML",
  "Option D": "Advanced JSON and XHTML",
  "Answer": "Asynchronous JavaScript and XML"
 },
 {
  "Question": "Which of the following is a server-side JavaScript runtime?",
  "Option A": "jQuery",
  "Option B": "Angular",
  "Option C": "Node.js",
  "Option D": "React",
  "Answer": "Node.js"
 },
 {
  "Question": "What does MVC stand for in the context of web development?",
  "Option A": "Model View Controller",
  "Option B": "Multiple View Configuration",
  "Option C": "Master View Collaboration",
  "Option D": "Modifiable View Component",
  "Answer": "Model View Controller"
 },
 {
  "Question": "Which HTTP method is idempotent?",
  "Option A": "GET",
  "Option B": "POST",
  "Option C": "PUT",
  "Option D": "DELETE",
  "Answer": "GET"
 },
 {
  "Question": "What is a closure in JavaScript?",
  "Option A": "A sealed function",
  "Option B": "A way to create private variables",
  "Option C": "A loop that never ends",
  "Option D": "A deprecated feature",
  "Answer": "A way to create private variables"
 },
 {
  "Question": "Which CSS property is used to control the layout flow of a document?",
  "Option A": "display",
  "Option B": "position",
  "Option C": "float",
  "Option D": "clear",
  "Answer": "display"
 },
 {
  "Question": "In the context of RESTful APIs, what does CRUD stand for?",
  "Option A": "Create, Retrieve, Update, Delete",
  "Option B": "Crawl, Retrieve, Update, Deploy",
  "Option C": "Cross-browser, Responsive, Update, Design",
  "Option D": "Collect, Remove, Update, Deploy",
  "Answer": "Create, Retrieve, Update, Delete"
 },
 {
  "Question": "What does the term \"Single Page Application (SPA)\" mean in web development?",
  "Option A": "A website with only one page",
  "Option B": "A website that loads pages slowly",
  "Option C": "A website that requires multiple pages to function",
  "Option D": "A website that loads content dynamically without refreshing the page",
  "Answer": "A website that loads content dynamically without refreshing the page"
 },
 {
  "Question": "Which of the following is NOT a valid HTTP status code?",
  "Option A": "200 OK",
  "Option B": "404 Not Found",
  "Option C": "300 Redirection",
  "Option D": "500 Internal Server Error",
  "Answer": "300 Redirection"
 },
 {
  "Question": "What is the purpose of the localStorage object in JavaScript?",
  "Option A": "To store data permanently on the server",
  "Option B": "To store data temporarily on the client-side",
  "Option C": "To store session data on the server",
  "Option D": "To store cookies",
  "Answer": "To store data temporarily on the client-side"
 },
 {
  "Question": "Which of the following is a NoSQL database?",
  "Option A": "MySQL",
  "Option B": "PostgreSQL",
  "Option C": "MongoDB",
  "Option D": "Oracle",
  "Answer": "MongoDB"
 },
 {
  "Question": "What is the role of the package.json file in a Node.js project?",
  "Option A": "It contains the source code of the application",
  "Option B": "It specifies the project dependencies and configuration",
  "Option C": "It defines the layout of HTML pages",
  "Option D": "It is used for styling the application",
  "Answer": "It specifies the project dependencies and configuration"
 },
 {
  "Question": "Which CSS preprocessor is written in JavaScript and requires Node.js to run?",
  "Option A": "Sass",
  "Option B": "Less",
  "Option C": "Stylus",
  "Option D": "PostCSS",
  "Answer": "Sass"
 },
 {
  "Question": "What is the purpose of a CDN (Content Delivery Network) in web development?",
  "Option A": "To store client-side scripts",
  "Option B": "To optimize database queries",
  "Option C": "To distribute content geographically closer to users",
  "Option D": "To compress images",
  "Answer": "To distribute content geographically closer to users"
 },
 {
  "Question": "Which JavaScript library is commonly used for building user interfaces?",
  "Option A": "jQuery",
  "Option B": "React",
  "Option C": "Angular",
  "Option D": "Vue.js",
  "Answer": "React"
 },
 {
  "Question": "What is the role of the robots.txt file in web development?",
  "Option A": "To define the structure of the website",
  "Option B": "To specify which pages should not be crawled by search engines",
  "Option C": "To store user preferences",
  "Option D": "To configure server settings",
  "Answer": "To specify which pages should not be crawled by search engines"
 },
 {
  "Question": "Which of the following is a CSS framework for building responsive and mobile-first websites?",
  "Option A": "Bootstrap",
  "Option B": "Foundation",
  "Option C": "Bulma",
  "Option D": "All of the above",
  "Answer": "All of the above"
 },
 {
  "Question": "What is the role of WebSockets in web development?",
  "Option A": "To store data on the client-side",
  "Option B": "To establish a continuous two-way communication channel between the client and server",
  "Option C": "To define the structure of web pages",
  "Option D": "To handle HTTP requests and responses",
  "Answer": "To establish a continuous two-way communication channel between the client and server"
 },
 {
  "Question": "What does the term \"Cross-Origin Resource Sharing (CORS)\" refer to in web development?",
  "Option A": "A security feature that restricts web pages from making requests to a different domain than the one that served the web page",
  "Option B": "A technique for optimizing the loading of images",
  "Option C": "A method for compressing CSS files",
  "Option D": "A way to define the order of elements on a web page",
  "Answer": "A security feature that restricts web pages from making requests to a different domain than the one that served the web page"
 },
 {
  "Question": "Which of the following is a front-end JavaScript framework for building user interfaces?",
  "Option A": "Express.js",
  "Option B": "Django",
  "Option C": "Flask",
  "Option D": "Vue.js",
  "Answer": "Vue.js"
 },
 {
  "Question": "What is the purpose of the localStorage object in JavaScript?",
  "Option A": "To store data permanently on the server",
  "Option B": "To store data temporarily on the client-side",
  "Option C": "To store session data on the server",
  "Option D": "To store cookies",
  "Answer": "To store data temporarily on the client-side"
 },
 {
  "Question": "Which of the following is NOT a valid HTTP status code?",
  "Option A": "200 OK",
  "Option B": "404 Not Found",
  "Option C": "300 Redirection",
  "Option D": "500 Internal Server Error",
  "Answer": "300 Redirection"
 },
 {
  "Question": "What is the role of the robots.txt file in web development?",
  "Option A": "To define the structure of the website",
  "Option B": "To specify which pages should not be crawled by search engines",
  "Option C": "To store user preferences",
  "Option D": "To configure server settings",
  "Answer": "To specify which pages should not be crawled by search engines"
 },
 {
  "Question": "What is the purpose of a CSS reset?",
  "Option A": "To reset the color scheme of a webpage",
  "Option B": "To standardize default styles across different browsers",
  "Option C": "To clear the browser cache",
  "Option D": "To reset the layout of a webpage",
  "Answer": "To standardize default styles across different browsers"
 },
 {
  "Question": "What is the primary function of a web server in the context of web development?",
  "Option A": "To design user interfaces",
  "Option B": "To process database queries",
  "Option C": "To manage client-side scripts",
  "Option D": "To handle HTTP requests and responses",
  "Answer": "To handle HTTP requests and responses"
 },
 {
  "Question": "Which of the following is a commonly used method for authenticating users in web development?",
  "Option A": "OAuth",
  "Option B": "MD5",
  "Option C": "SHA-256",
  "Option D": "HMAC",
  "Answer": "OAuth"
 },
 {
  "Question": "What is the purpose of the npm command in a Node.js project?",
  "Option A": "To create a new project",
  "Option B": "To install project dependencies",
  "Option C": "To start the Node.js server",
  "Option D": "To compress images",
  "Answer": "To install project dependencies"
 },
 {
  "Question": "In the context of web development, what is the purpose of the viewport meta tag?",
  "Option A": "To define the layout of a webpage",
  "Option B": "To specify the character encoding of a webpage",
  "Option C": "To control the dimensions and scaling of a webpage on different devices",
  "Option D": "To configure server settings",
  "Answer": "To control the dimensions and scaling of a webpage on different devices"
 },
 {
  "Question": "Which of the following is a popular version control system used in web development?",
  "Option A": "Git",
  "Option B": "Mercurial",
  "Option C": "Subversion",
  "Option D": "All of the above",
  "Answer": "Git"
 },
 {
  "Question": "What is the purpose of the box-sizing CSS property?",
  "Option A": "To define the color of a box",
  "Option B": "To specify the size of a box",
  "Option C": "To control the box model used for layout calculations",
  "Option D": "To set the position of a box on a webpage",
  "Answer": "To control the box model used for layout calculations"
 },
 {
  "Question": "Which of the following is a feature of Progressive Web Apps (PWAs)?",
  "Option A": "Offline functionality",
  "Option B": "Server-side rendering",
  "Option C": "Complex animations",
  "Option D": "External stylesheets",
  "Answer": "Offline functionality"
 },
 {
  "Question": "What is the purpose of the defer attribute in a script tag?",
  "Option A": "To load the script asynchronously",
  "Option B": "To delay the execution of the script until after the document has been parsed",
  "Option C": "To defer the rendering of images on a webpage",
  "Option D": "To prevent the script from executing",
  "Answer": "To delay the execution of the script until after the document has been parsed"
 },
 {
  "Question": "Which CSS property is used to create rounded corners on a box?",
  "Option A": "border-radius",
  "Option B": "box-shadow",
  "Option C": "border-collapse",
  "Option D": "border-spacing",
  "Answer": "border-radius"
 },
 {
  "Question": "What is the purpose of the async attribute in a script tag?",
  "Option A": "To load the script asynchronously",
  "Option B": "To delay the execution of the script until after the document has been parsed",
  "Option C": "To defer the rendering of images on a webpage",
  "Option D": "To prevent the script from executing",
  "Answer": "To load the script asynchronously"
 },
 {
  "Question": "In the context of web development, what is a CDN (Content Delivery Network)?",
  "Option A": "A system for managing databases",
  "Option B": "A network of distributed servers that deliver web content to users based on their geographical location",
  "Option C": "A tool for compressing images",
  "Option D": "A protocol for secure data transfer",
  "Answer": "A network of distributed servers that deliver web content to users based on their geographical location"
 },
 {
  "Question": "What is the purpose of the event delegation in JavaScript?",
  "Option A": "To delegate events to the document level",
  "Option B": "To delegate events to specific elements",
  "Option C": "To prevent event propagation",
  "Option D": "To handle events asynchronously",
  "Answer": "To delegate events to specific elements"
 },
 {
  "Question": "Which of the following is true about GraphQL?",
  "Option A": "It is a database management system",
  "Option B": "It is a query language for APIs",
  "Option C": "It is primarily used for styling web pages",
  "Option D": "It is a JavaScript testing framework",
  "Answer": "It is a query language for APIs"
 },
 {
  "Question": "What is the role of a reverse proxy in web development?",
  "Option A": "To hide the IP address of the server",
  "Option B": "To cache static content and distribute requests",
  "Option C": "To manage database connections",
  "Option D": "To handle client-side scripting",
  "Answer": "To cache static content and distribute requests"
 },
 {
  "Question": "How does the CSS Flexbox justify-content property work?",
  "Option A": "It aligns items vertically",
  "Option B": "It aligns items horizontally",
  "Option C": "It adjusts the space between items",
  "Option D": "It changes the order of items",
  "Answer": "It aligns items horizontally"
 },
 {
  "Question": "What is the purpose of the Jest framework in web development?",
  "Option A": "To manage package dependencies",
  "Option B": "To handle asynchronous operations in JavaScript",
  "Option C": "To test JavaScript code",
  "Option D": "To transpile TypeScript code",
  "Answer": "To test JavaScript code"
 },
 {
  "Question": "Which HTTP header is used for security policies in web applications?",
  "Option A": "Content-Type",
  "Option B": "Cache-Control",
  "Option C": "X-Frame-Options",
  "Option D": "Access-Control-Allow-Origin",
  "Answer": "X-Frame-Options"
 },
 {
  "Question": "What is the significance of the \"this\" keyword in JavaScript?",
  "Option A": "It refers to the current function being executed",
  "Option B": "It refers to the global object",
  "Option C": "It refers to the object on which the current method is called",
  "Option D": "It is used to define variables",
  "Answer": "It refers to the object on which the current method is called"
 },
 {
  "Question": "What is the purpose of the CSS Grid layout?",
  "Option A": "To create flexible and responsive grid-based layouts",
  "Option B": "To style HTML forms",
  "Option C": "To apply animations to elements",
  "Option D": "To control the font size of text",
  "Answer": "To create flexible and responsive grid-based layouts"
 },
 {
  "Question": "What does the acronym API stand for in the context of web development?",
  "Option A": "Advanced Programming Interface",
  "Option B": "Application Programming Interface",
  "Option C": "Asynchronous Protocol Integration",
  "Option D": "Automated Processing Interface",
  "Answer": "Application Programming Interface"
 },
 {
  "Question": "What is the role of a web server in the context of web development?",
  "Option A": "To design user interfaces",
  "Option B": "To process database queries",
  "Option C": "To manage client-side scripts",
  "Option D": "To handle HTTP requests and responses",
  "Answer": "To handle HTTP requests and responses"
 },
 {
  "Question": "What is the purpose of the Fetch API in JavaScript?",
  "Option A": "To manipulate the DOM",
  "Option B": "To handle asynchronous operations",
  "Option C": "To make HTTP requests and handle responses",
  "Option D": "To create animations",
  "Answer": "To make HTTP requests and handle responses"
 },
 {
  "Question": "Which of the following is NOT a valid HTTP method?",
  "Option A": "PUT",
  "Option B": "PATCH",
  "Option C": "UPDATE",
  "Option D": "OPTIONS",
  "Answer": "UPDATE"
 },
 {
  "Question": "What is the purpose of the aria-label attribute in HTML?",
  "Option A": "To define the role of an HTML element",
  "Option B": "To specify alternative text for an image",
  "Option C": "To provide a label for screen readers",
  "Option D": "To set the language of the document",
  "Answer": "To provide a label for screen readers"
 },
 {
  "Question": "What is the role of the ng-model directive in AngularJS?",
  "Option A": "To define a new Angular module",
  "Option B": "To bind the value of an input field to a variable",
  "Option C": "To create a new controller in AngularJS",
  "Option D": "To include external libraries in an Angular project",
  "Answer": "To bind the value of an input field to a variable"
 },
 {
  "Question": "How does the JavaScript map function differ from the forEach function?",
  "Option A": "map returns a new array with the results of applying a function to each element, while forEach does not return anything",
  "Option B": "map modifies the original array, while forEach creates a new array",
  "Option C": "map can only be used with arrays of numbers, while forEach can be used with any data type",
  "Option D": "There is no difference between map and forEach",
  "Answer": "map returns a new array with the results of applying a function to each element, while forEach does not return anything"
 }
]