[
 {
  "Question": "Type of matrix decomposition model is",
  "Option A": "predictive model",
  "Option B": "descriptive model",
  "Option C": "logical model",
  "Option D": "None",
  "Answer": "descriptive model"
 },
 {
  "Question": "PCA is",
  "Option A": "backward feature selection",
  "Option B": "forward feature selection",
  "Option C": "feature extraction",
  "Option D": "None of these",
  "Answer": "feature extraction"
 },
 {
  "Question": "Supervised learning and unsupervised clustering both require which is correct according to the statement.",
  "Option A": "input attribute",
  "Option B": "hidden attribute",
  "Option C": "output attribute",
  "Option D": "categorical attribute",
  "Answer": "input attribute"
 },
 {
  "Question": "Following are the types of supervised learning",
  "Option A": "regression",
  "Option B": "classification",
  "Option C": "subgroup discovery",
  "Option D": "All of above",
  "Answer": "All of above"
 },
 {
  "Question": "A feature F1 can take certain value: A, B, C, D, E, & F and represents grade of students from a college. Here feature type is",
  "Option A": "ordinal",
  "Option B": "nominal",
  "Option C": "categorical",
  "Option D": "Boolean",
  "Answer": "ordinal"
 },
 {
  "Question": "Following is powerful distance metrics used by Geometric model",
  "Option A": "Manhattan distance",
  "Option B": "Euclidean distance",
  "Option C": "All of above",
  "Option D": "None of above",
  "Answer": "All of above"
 },
 {
  "Question": "The output of training process in machine learning is",
  "Option A": "machine learning algorithm",
  "Option B": "machine learning model",
  "Option C": "null",
  "Option D": "accuracy",
  "Answer": "machine learning model"
 },
 {
  "Question": "Which of the following is a good test dataset characteristic?",
  "Option A": "is representative of the dataset as a whole",
  "Option B": "large enough to yield meaningful results",
  "Option C": "All of above",
  "Option D": "None of above",
  "Answer": "All of above"
 },
 {
  "Question": "Which of the following techniques would perform better for reducing dimensions of a data set?",
  "Option A": "removing columns which have high variance in data",
  "Option B": "removing columns which have too many missing value",
  "Option C": "removing columns with dissimilar data trends",
  "Option D": "None of the above",
  "Answer": "removing columns which have too many missing values"
 },
 {
  "Question": "What characterize is hyper plane in geometrical model of machine learning?",
  "Option A": "a plane with 1 dimensional fewer than number of input attributes",
  "Option B": "a plane with 1 dimensional more than number of input attributes",
  "Option C": "a plane with 2 dimensional more than number of input attributes",
  "Option D": "a plane with 2 dimensional fewer than number of input attributes",
  "Answer": "a plane with 2 dimensional fewer than number of input attributes"
 },
 {
  "Question": "You are given reviews of few Netflix series marked as positive, negative and neutral. Classifying reviews of a new Netflix series is an example of",
  "Option A": "unsupervised learning",
  "Option B": "semi supervised learning",
  "Option C": "supervised learning",
  "Option D": "reinforcement learning",
  "Answer": "supervised learning"
 },
 {
  "Question": "Like the probabilistic view, the ________ view allows us to associate a probability of membership with each classification",
  "Option A": "deductive",
  "Option B": "exampler",
  "Option C": "classical",
  "Option D": "inductive",
  "Answer": "inductive"
 },
 {
  "Question": "The problem of finding hidden structure in unlabeled data is called",
  "Option A": "unsupervised learning",
  "Option B": "reinforcement learning",
  "Option C": "supervised learning",
  "Option D": "None",
  "Answer": "unsupervised learning"
 },
 {
  "Question": "If machine learning model output involves target variable then that model is called as",
  "Option A": "predictive model",
  "Option B": "descriptive model",
  "Option C": "reinforcement learning",
  "Option D": "All of above",
  "Answer": "predictive model"
 },
 {
  "Question": "Database query is used to uncover this type of knowledge.",
  "Option A": "hidden",
  "Option B": "shallow",
  "Option C": "deep",
  "Option D": "multidimensional",
  "Answer": "multidimensional"
 },
 {
  "Question": "Data used to build a data mining model.",
  "Option A": "training data",
  "Option B": "hidden data",
  "Option C": "test data",
  "Option D": "validation data",
  "Answer": "training data"
 },
 {
  "Question": "Application of machine learning methods to large databases is called",
  "Option A": "big data computing",
  "Option B": "artificial intelligence",
  "Option C": "data mining",
  "Option D": "internet of things",
  "Answer": "data mining"
 },
 {
  "Question": "Which learning Requires Self-Assessment to identify patterns within data?",
  "Option A": "supervised learning",
  "Option B": "unsupervised learning",
  "Option C": "semi supervised learning",
  "Option D": "reinforced learning",
  "Answer": "unsupervised learning"
 },
 {
  "Question": "In simple term, machine learning is",
  "Option A": "prediction to answer a query",
  "Option B": "training based on historical data",
  "Option C": "All of above",
  "Option D": "None of above",
  "Answer": "All of above"
 },
 {
  "Question": "Of the Following Examples, Which would you address using a supervised learning Algorithm?",
  "Option A": "given a set of news articles found on the web, group them into set of articles about the same story",
  "Option B": "given email labeled as spam or not spam, learn a spam filter",
  "Option C": "given a database of customer data, automatically discover market segments and group customers into different market segments",
  "Option D": "find the patterns in market basket analysis",
  "Answer": "given email labeled as spam or not spam, learn a spam filter"
 },
 {
  "Question": "If machine learning model output doesn't involve target variable then that model is called as",
  "Option A": "predictive model",
  "Option B": "descriptive model",
  "Option C": "reinforcement learning",
  "Option D": "all of the above",
  "Answer": "descriptive model"
 },
 {
  "Question": "In what type of learning labeled training data is used",
  "Option A": "supervised learning",
  "Option B": "unsupervised learning",
  "Option C": "reinforcement learning",
  "Option D": "active learning",
  "Answer": "supervised learning"
 },
 {
  "Question": "In the example of predicting the number of babies based on stork's population, the number of babies is",
  "Option A": "feature",
  "Option B": "observation",
  "Option C": "outcome",
  "Option D": "attribute",
  "Answer": "outcome"
 },
 {
  "Question": "Following are the descriptive models",
  "Option A": "classification",
  "Option B": "clustering",
  "Option C": "association rule",
  "Option D": "Both 1 and 2",
  "Answer": "Both 1 and 2"
 },
 {
  "Question": "In the following type of feature selection method, we start with an empty feature set",
  "Option A": "backward feature selection",
  "Option B": "forward feature selection",
  "Option C": "All of above",
  "Option D": "None of above",
  "Answer": "forward feature selection"
 },
 {
  "Question": "A person trained to interact with a human expert in order to capture their knowledge.",
  "Option A": "knowledge developer",
  "Option B": "knowledge programmer",
  "Option C": "knowledge engineer",
  "Option D": "knowledge extractor",
  "Answer": "knowledge extractor"
 },
 {
  "Question": "What characterizes unlabeled examples in machine learning",
  "Option A": "there is plenty of confusing knowledge",
  "Option B": "there is prior knowledge",
  "Option C": "there is no confusing knowledge",
  "Option D": "there is no prior knowledge",
  "Answer": "there is plenty of confusing knowledge"
 },
 {
  "Question": "What does dimensionality reduction reduce?",
  "Option A": "collinearity",
  "Option B": "stochastic",
  "Option C": "entropy",
  "Option D": "performance",
  "Answer": "collinearity"
 },
 {
  "Question": "Some telecommunication company wants to segment their customers into distinct groups, this is an example of",
  "Option A": "supervised learning",
  "Option B": "unsupervised learning",
  "Option C": "data extraction",
  "Option D": "reinforcement learning",
  "Answer": "unsupervised learning"
 },
 {
  "Question": "Which of the following is the best machine learning method?",
  "Option A": "accuracy",
  "Option B": "scalable",
  "Option C": "fast",
  "Option D": "All of above",
  "Answer": "All of above"
 },
 {
  "Question": "In multiclass classification, the number of classes must be",
  "Option A": "equals to two",
  "Option B": "less than two",
  "Option C": "greater than two",
  "Option D": "None",
  "Answer": "greater than two"
 },
 {
  "Question": "Which of the following can only be used when training data are linearly separable?",
  "Option A": "linear logistic regression",
  "Option B": "linear hard-margin svm",
  "Option C": "linear soft margin svm",
  "Option D": "parzen windows",
  "Answer": "linear hard-margin svm"
 },
 {
  "Question": "Which of the following can only be used when training data are linearly separable?",
  "Option A": "linear logistic regression",
  "Option B": "linear soft margin svm",
  "Option C": "linear hard-margin svm",
  "Option D": "the centroid method",
  "Answer": "linear hard-margin svm"
 },
 {
  "Question": "You are given seismic data and you want to predict the next earthquake, this is an example of",
  "Option A": "supervised learning",
  "Option B": "unsupervised learning",
  "Option C": "reinforcement learning",
  "Option D": "dimensionality reduction",
  "Answer": "supervised learning"
 },
 {
  "Question": "Prediction is",
  "Option A": "discipline in statistics used to find projections in multidimensional data",
  "Option B": "value entered in the database by an expert",
  "Option C": "the result of application of specific theory or rule in a specific case",
  "Option D": "independent of data",
  "Answer": "the result of application of specific theory or rule in a specific case"
 },
 {
  "Question": "Impact of high variance on the training set?",
  "Option A": "underfitting",
  "Option B": "overfitting",
  "Option C": "both underfitting & overfitting",
  "Option D": "depends upon the dataset",
  "Answer": "overfitting"
 },
 {
  "Question": "Which of the following is an example of feature extraction?",
  "Option A": "applying PCA to project high dimensional data",
  "Option B": "constructing a bag of words from an email",
  "Option C": "removing stop words",
  "Option D": "forward selection",
  "Answer": "applying PCA to project high dimensional data"
 },
 {
  "Question": "The effectiveness of an SVM depends upon",
  "Option A": "kernel parameters",
  "Option B": "selection of kernel",
  "Option C": "soft margin parameter",
  "Option D": "All of the above",
  "Answer": "selection of kernel"
 },
 {
  "Question": "What do you mean by a hard margin?",
  "Option A": "the SVM allows very low error in classification",
  "Option B": "the SVM allows a high amount of error in classification",
  "Option C": "All of above",
  "Option D": "None of above",
  "Answer": "the SVM allows very low error in classification"
 },
 {
  "Question": "Which of the following evaluation metrics cannot be applied in the case of logistic regression output to compare with the target?",
  "Option A": "accuracy",
  "Option B": "auc-roc",
  "Option C": "logloss",
  "Option D": "mean-squared-error",
  "Answer": "mean-squared-error"
 },
 {
  "Question": "A measurable property or parameter of the dataset is",
  "Option A": "training data",
  "Option B": "test data",
  "Option C": "feature",
  "Option D": "validation data",
  "Answer": "feature"
 },
 {
  "Question": "Support Vector Machine is",
  "Option A": "geometric model",
  "Option B": "probabilistic model",
  "Option C": "logical model",
  "Option D": "none",
  "Answer": "geometric model"
 },
 {
  "Question": "Imagine a newly-born starts to learn walking. It will try to find a suitable policy to learn walking after repeated falling and getting up. Specify what type of machine learning is best suited?",
  "Option A": "regression",
  "Option B": "means algorithm",
  "Option C": "reinforcement learning",
  "Option D": "None",
  "Answer": "reinforcement learning"
 },
 {
  "Question": "Different learning methods do not include?",
  "Option A": "deduction",
  "Option B": "memorization",
  "Option C": "analogy",
  "Option D": "introduction",
  "Answer": "introduction"
 }
]