[
 {
  "Question": "What is Cloud Computing?",
  "Option A": "Storing data on physical servers",
  "Option B": "Running applications on local machines",
  "Option C": "Accessing computing resources over the internet",
  "Option D": "None of the above",
  "Answer": "Accessing computing resources over the internet"
 },
 {
  "Question": "Which of the following is a deployment model for cloud computing?",
  "Option A": "On-premises",
  "Option B": "Off-premises",
  "Option C": "Hybrid",
  "Option D": "All of the above",
  "Answer": "All of the above"
 },
 {
  "Question": "What is IaaS?",
  "Option A": "Internet as a Service",
  "Option B": "Infrastructure as a Service",
  "Option C": "Integration as a Service",
  "Option D": "Identity as a Service",
  "Answer": "Infrastructure as a Service"
 },
 {
  "Question": "Which cloud service model provides the highest level of abstraction?",
  "Option A": "Infrastructure as a Service (IaaS)",
  "Option B": "Platform as a Service (PaaS)",
  "Option C": "Software as a Service (SaaS)",
  "Option D": "Function as a Service (FaaS)",
  "Answer": "Software as a Service (SaaS)"
 },
 {
  "Question": "What is the main advantage of a public cloud?",
  "Option A": "High security",
  "Option B": "Cost savings",
  "Option C": "Dedicated resources",
  "Option D": "None of the above",
  "Answer": "Cost savings"
 },
 {
  "Question": "Which programming language is commonly used for creating applications on the AWS platform?",
  "Option A": "Java",
  "Option B": "Python",
  "Option C": "Ruby",
  "Option D": "All of the above",
  "Answer": "All of the above"
 },
 {
  "Question": "What is the purpose of load balancing in a cloud environment?",
  "Option A": "Ensure high availability",
  "Option B": "Enhance security",
  "Option C": "Reduce latency",
  "Option D": "All of the above",
  "Answer": "All of the above"
 },
 {
  "Question": "Which cloud service is suitable for hosting a static website?",
  "Option A": "Amazon S3",
  "Option B": "Amazon EC2",
  "Option C": "Amazon RDS",
  "Option D": "Amazon Lambda",
  "Answer": "Amazon S3"
 },
 {
  "Question": "What does the acronym CDN stand for in the context of cloud computing?",
  "Option A": "Content Delivery Network",
  "Option B": "Cloud Data Network",
  "Option C": "Centralized Domain Name",
  "Option D": "Clustered Data Node",
  "Answer": "Content Delivery Network"
 },
 {
  "Question": "Which of the following is an example of a container orchestration tool?",
  "Option A": "Docker",
  "Option B": "Kubernetes",
  "Option C": "OpenStack",
  "Option D": "Ansible",
  "Answer": "Kubernetes"
 },
 {
  "Question": "What is the role of a hypervisor in virtualization?",
  "Option A": "Manage network connections",
  "Option B": "Control access to cloud resources",
  "Option C": "Virtualize hardware to support multiple operating systems",
  "Option D": "Monitor server performance",
  "Answer": "Virtualize hardware to support multiple operating systems"
 },
 {
  "Question": "Which cloud computing characteristic ensures that resources are automatically scaled based on demand?",
  "Option A": "On-demand self-service",
  "Option B": "Broad network access",
  "Option C": "Rapid elasticity",
  "Option D": "Measured service",
  "Answer": "Rapid elasticity"
 },
 {
  "Question": "What is the primary benefit of serverless computing?",
  "Option A": "Cost savings",
  "Option B": "Increased control over infrastructure",
  "Option C": "Reduced development speed",
  "Option D": "Improved security",
  "Answer": "Cost savings"
 },
 {
  "Question": "What is the purpose of the OAuth protocol?",
  "Option A": "Data encryption",
  "Option B": "Authentication and authorization",
  "Option C": "Network routing",
  "Option D": "File storage",
  "Answer": "Authentication and authorization"
 },
 {
  "Question": "Which cloud service provides a fully managed NoSQL database?",
  "Option A": "Amazon RDS",
  "Option B": "Amazon DynamoDB",
  "Option C": "Amazon Redshift",
  "Option D": "Amazon Aurora",
  "Answer": "Amazon DynamoDB"
 },
 {
  "Question": "In cloud computing, what does the term \"multi-tenancy\" refer to?",
  "Option A": "Hosting multiple websites on a single server",
  "Option B": "Running multiple virtual machines on a single physical server",
  "Option C": "Distributing data across multiple cloud providers",
  "Option D": "Using multiple clouds for redundancy",
  "Answer": "Running multiple virtual machines on a single physical server"
 },
 {
  "Question": "Which cloud service is known for providing serverless computing?",
  "Option A": "Google Cloud Platform (GCP)",
  "Option B": "Microsoft Azure",
  "Option C": "Amazon Web Services (AWS)",
  "Option D": "IBM Cloud",
  "Answer": "Amazon Web Services (AWS)"
 },
 {
  "Question": "What is the purpose of a VPC (Virtual Private Cloud) in AWS?",
  "Option A": "Securely connect on-premises data centers to the cloud",
  "Option B": "Isolate resources within the cloud",
  "Option C": "Manage virtual machines",
  "Option D": "All of the above",
  "Answer": "Isolate resources within the cloud"
 },
 {
  "Question": "Which cloud deployment model provides the most control over the infrastructure?",
  "Option A": "Public Cloud",
  "Option B": "Private Cloud",
  "Option C": "Hybrid Cloud",
  "Option D": "Community Cloud",
  "Answer": "Private Cloud"
 },
 {
  "Question": "What is the role of a CDN (Content Delivery Network) in cloud computing?",
  "Option A": "Secure data transmission",
  "Option B": "Load balancing",
  "Option C": "Accelerating content delivery",
  "Option D": "All of the above",
  "Answer": "All of the above"
 },
 {
  "Question": "Which AWS service is used for scalable and fully managed machine learning?",
  "Option A": "Amazon S3",
  "Option B": "Amazon RDS",
  "Option C": "Amazon SageMaker",
  "Option D": "Amazon Lambda",
  "Answer": "Amazon SageMaker"
 },
 {
  "Question": "What is the primary advantage of a microservices architecture in the cloud?",
  "Option A": "Reduced development speed",
  "Option B": "Improved scalability and flexibility",
  "Option C": "Centralized management",
  "Option D": "Increased security",
  "Answer": "Improved scalability and flexibility"
 },
 {
  "Question": "What is the role of a reverse proxy in a cloud infrastructure?",
  "Option A": "Distribute incoming network traffic",
  "Option B": "Authenticate users",
  "Option C": "Manage database connections",
  "Option D": "Monitor server performance",
  "Answer": "Distribute incoming network traffic"
 },
 {
  "Question": "Which AWS service is used for serverless computing?",
  "Option A": "Amazon EC2",
  "Option B": "Amazon S3",
  "Option C": "AWS Lambda",
  "Option D": "Amazon RDS",
  "Answer": "AWS Lambda"
 },
 {
  "Question": "What is the purpose of cloud bursting?",
  "Option A": "Redirecting network traffic",
  "Option B": "Automatically scaling to handle increased load",
  "Option C": "Encrypting data in transit",
  "Option D": "Load balancing across multiple servers",
  "Answer": "Automatically scaling to handle increased load"
 },
 {
  "Question": "Which cloud computing service is suitable for real-time data processing?",
  "Option A": "Amazon RDS",
  "Option B": "Amazon S3",
  "Option C": "Amazon Kinesis",
  "Option D": "Amazon Redshift",
  "Answer": "Amazon Kinesis"
 },
 {
  "Question": "What is the role of a firewall in a cloud environment?",
  "Option A": "Manage network traffic",
  "Option B": "Virtualize hardware",
  "Option C": "Monitor server performance",
  "Option D": "Control access to cloud resources",
  "Answer": "Manage network traffic"
 },
 {
  "Question": "Which cloud service is known for providing a wide range of machine learning services?",
  "Option A": "Google Cloud Platform (GCP)",
  "Option B": "Microsoft Azure",
  "Option C": "Amazon Web Services (AWS)",
  "Option D": "IBM Cloud",
  "Answer": "Google Cloud Platform (GCP)"
 },
 {
  "Question": "What is the primary purpose of a cloud service level agreement (SLA)?",
  "Option A": "Specify the terms and conditions of service",
  "Option B": "Encrypt data in transit",
  "Option C": "Monitor server performance",
  "Option D": "Manage network traffic",
  "Answer": "Specify the terms and conditions of service"
 },
 {
  "Question": "Which cloud service provides a fully managed relational database?",
  "Option A": "Amazon RDS",
  "Option B": "Amazon DynamoDB",
  "Option C": "Amazon S3",
  "Option D": "Amazon Lambda",
  "Answer": "Amazon RDS"
 },
 {
  "Question": "What is the role of a container in cloud computing?",
  "Option A": "Virtualize hardware",
  "Option B": "Isolate applications and their dependencies",
  "Option C": "Manage network traffic",
  "Option D": "Control access to cloud resources",
  "Answer": "Isolate applications and their dependencies"
 },
 {
  "Question": "Which cloud computing service is commonly associated with object storage?",
  "Option A": "Amazon RDS",
  "Option B": "Amazon S3",
  "Option C": "Amazon EC2",
  "Option D": "Amazon Redshift",
  "Answer": "Amazon S3"
 },
 {
  "Question": "What is the purpose of a CDN (Content Delivery Network) in cloud computing?",
  "Option A": "Secure data transmission",
  "Option B": "Load balancing",
  "Option C": "Accelerating content delivery",
  "Option D": "All of the above",
  "Answer": "All of the above"
 },
 {
  "Question": "Which cloud service model provides a runtime environment for applications?",
  "Option A": "Infrastructure as a Service (IaaS)",
  "Option B": "Platform as a Service (PaaS)",
  "Option C": "Software as a Service (SaaS)",
  "Option D": "Function as a Service (FaaS)",
  "Answer": "Platform as a Service (PaaS)"
 },
 {
  "Question": "What is the role of a container orchestration tool in cloud computing?",
  "Option A": "Manage network connections",
  "Option B": "Isolate applications",
  "Option C": "Automate deployment and scaling of containers",
  "Option D": "Control access to cloud resources",
  "Answer": "Automate deployment and scaling of containers"
 },
 {
  "Question": "Which cloud computing service is commonly associated with serverless computing?",
  "Option A": "Amazon EC2",
  "Option B": "Amazon S3",
  "Option C": "AWS Lambda",
  "Option D": "Amazon RDS",
  "Answer": "AWS Lambda"
 },
 {
  "Question": "What is the purpose of IAM (Identity and Access Management) in AWS?",
  "Option A": "Monitor server performance",
  "Option B": "Manage network traffic",
  "Option C": "Control access to AWS resources",
  "Option D": "Encrypt data at rest",
  "Answer": "Control access to AWS resources"
 },
 {
  "Question": "Which cloud deployment model involves sharing resources among organizations with common interests?",
  "Option A": "Public Cloud",
  "Option B": "Private Cloud",
  "Option C": "Hybrid Cloud",
  "Option D": "Community Cloud",
  "Answer": "Community Cloud"
 },
 {
  "Question": "What is the primary benefit of serverless computing?",
  "Option A": "Cost savings",
  "Option B": "Increased control over infrastructure",
  "Option C": "Reduced development speed",
  "Option D": "Improved security",
  "Answer": "Cost savings"
 },
 {
  "Question": "Which AWS service is used for scalable and fully managed machine learning?",
  "Option A": "Amazon S3",
  "Option B": "Amazon RDS",
  "Option C": "Amazon SageMaker",
  "Option D": "Amazon Lambda",
  "Answer": "Amazon SageMaker"
 },
 {
  "Question": "What is the purpose of a load balancer in a cloud environment?",
  "Option A": "Ensure high availability",
  "Option B": "Encrypt data in transit",
  "Option C": "Monitor server performance",
  "Option D": "Control access to cloud resources",
  "Answer": "Ensure high availability"
 },
 {
  "Question": "Which cloud service provides a fully managed NoSQL database?",
  "Option A": "Amazon RDS",
  "Option B": "Amazon DynamoDB",
  "Option C": "Amazon S3",
  "Option D": "Amazon Aurora",
  "Answer": "Amazon DynamoDB"
 },
 {
  "Question": "In cloud computing, what does the term \"multi-tenancy\" refer to?",
  "Option A": "Hosting multiple websites on a single server",
  "Option B": "Running multiple virtual machines on a single physical server",
  "Option C": "Distributing data across multiple cloud providers",
  "Option D": "Using multiple clouds for redundancy",
  "Answer": "Running multiple virtual machines on a single physical server"
 },
 {
  "Question": "Which cloud service is known for providing serverless computing?",
  "Option A": "Google Cloud Platform (GCP)",
  "Option B": "Microsoft Azure",
  "Option C": "Amazon Web Services (AWS)",
  "Option D": "IBM Cloud",
  "Answer": "Amazon Web Services (AWS)"
 },
 {
  "Question": "What is the purpose of a VPC (Virtual Private Cloud) in AWS?",
  "Option A": "Securely connect on-premises data centers to the cloud",
  "Option B": "Isolate resources within the cloud",
  "Option C": "Manage virtual machines",
  "Option D": "All of the above",
  "Answer": "Isolate resources within the cloud"
 },
 {
  "Question": "Which cloud deployment model provides the most control over the infrastructure?",
  "Option A": "Public Cloud",
  "Option B": "Private Cloud",
  "Option C": "Hybrid Cloud",
  "Option D": "Community Cloud",
  "Answer": "Private Cloud"
 },
 {
  "Question": "What is the role of a CDN (Content Delivery Network) in cloud computing?",
  "Option A": "Secure data transmission",
  "Option B": "Load balancing",
  "Option C": "Accelerating content delivery",
  "Option D": "All of the above",
  "Answer": "All of the above"
 },
 {
  "Question": " Which AWS service is used for scalable and fully managed machine learning?",
  "Option A": "Amazon S3",
  "Option B": "Amazon RDS",
  "Option C": "Amazon SageMaker",
  "Option D": "Amazon Lambda",
  "Answer": "Amazon SageMaker"
 },
 {
  "Question": "What is the primary advantage of a microservices architecture in the cloud?",
  "Option A": "Reduced development speed",
  "Option B": "Improved scalability and flexibility",
  "Option C": "Centralized management",
  "Option D": "Increased security",
  "Answer": "Improved scalability and flexibility"
 },
 {
  "Question": "What is the role of a reverse proxy in a cloud infrastructure?",
  "Option A": "Distribute incoming network traffic",
  "Option B": "Authenticate users",
  "Option C": "Manage database connections",
  "Option D": "Monitor server performance",
  "Answer": "Distribute incoming network traffic"
 }
]